"ID","Name","Position","League","type"
425773,"Casey Kotchman","1B",NA,FALSE
407849,"Bill Hall","3B/SS",NA,FALSE
430668,"Scott Hairston","OF",NA,FALSE
488811,"Aaron Cunningham","OF",NA,FALSE
450260,"Kevin Kouzmanoff","3B",NA,FALSE
429723,"Merkin Valdez","P",NA,FALSE
150439,"Gary Matthews Jr.","OF",NA,FALSE
425530,"Brian Stokes","P",NA,FALSE
449172,"Greg Golson","OF",NA,FALSE
425446,"Aaron Miles","2B",NA,FALSE
430838,"Willy Taveras","OF",NA,FALSE
489267,"Adam Rosales","2B/3B/SS",NA,FALSE
445968,"Dana Eveland","P",NA,FALSE
469735,"Edwar Ramirez","P",NA,FALSE
435623,"Kevin Frandsen","2B/3B",NA,FALSE
433217,"Andrés Blanco","2B/SS",NA,FALSE
425146,"Nate Robertson","P",NA,FALSE
150061,"Julio Lugo","SS",NA,FALSE
434669,"Luis Mendoza","P",NA,FALSE
430930,"Fred Lewis","OF",NA,FALSE
460349,"Carlos Rosa","P",NA,FALSE
346800,"Saul Rivera","P",NA,FALSE
434438,"Billy Buckner","P",NA,FALSE
425883,"Dontrelle Willis","P",NA,FALSE
433582,"Conor Jackson","1B/OF",NA,FALSE
444844,"Jake Fox","OF",NA,FALSE
452221,"Eric Patterson","2B/OF",NA,FALSE
137140,"Russell Branyan","1B/3B",NA,FALSE
408211,"Kevin Cash","C",NA,FALSE
444884,"Chris Ray","P",NA,FALSE
134260,"Bengie Molina","C",NA,FALSE
451595,"Sean Gallagher","P",NA,FALSE
450275,"Mark Lowe","P",NA,FALSE
424324,"Cliff Lee","P",NA,FALSE
136460,"Alex Gonzalez","SS",NA,FALSE
457456,"Jo-Jo Reyes","P",NA,FALSE
488862,"Yunel Escobar","3B/SS",NA,FALSE
430948,"Alberto Callaspo","2B/3B",NA,FALSE
457711,"Sean O'Sullivan","P",NA,FALSE
434578,"Joe Saunders","P",NA,FALSE
429717,"Dan Haren","P",NA,FALSE
444126,"Rafael Rodriguez","P",NA,FALSE
425509,"Jhonny Peralta","SS",NA,FALSE
400061,"Roy Oswalt","P",NA,FALSE
457918,"J.A. Happ","P",NA,FALSE
123173,"Miguel Tejada","SS",NA,FALSE
325392,"Scott Podsednik","OF",NA,FALSE
408305,"Jorge Cantu","1B/3B",NA,FALSE
448165,"Matt Capps","P",NA,FALSE
429719,"Edwin Jackson","P",NA,FALSE
543339,"Daniel Hudson","P",NA,FALSE
150035,"Kyle Farnsworth","P",NA,FALSE
457454,"Jarrod Saltalamacchia","C",NA,FALSE
457428,"James McDonald","P",NA,FALSE
136734,"Octavio Dotel","P",NA,FALSE
430589,"Chad Qualls","P",NA,FALSE
150404,"Ted Lilly","P",NA,FALSE
455088,"Blake DeWitt","2B/3B",NA,FALSE
444135,"Ryan Theriot","2B/SS",NA,FALSE
134268,"Kerry Wood","P",NA,FALSE
150217,"Cristian Guzman","SS",NA,FALSE
430673,"Ramon E Ramirez","P",NA,FALSE
150449,"Rick Ankiel","OF",NA,FALSE
453343,"Mark Melancon","P",NA,FALSE
204020,"Lance Berkman","1B/OF",NA,FALSE
453923,"Grégor Blanco","OF",NA,FALSE
400290,"Austin Kearns","OF",NA,FALSE
407886,"Ryan Ludwick","OF",NA,FALSE
425657,"Javier López","P",NA,FALSE
458155,"Joe Martinez","P",NA,FALSE
435624,"John Bowker","1B/OF",NA,FALSE
425508,"Ryan Church","OF",NA,FALSE
425853,"Bobby Crosby","SS",NA,FALSE
425647,"D.J. Carrasco","P",NA,FALSE
430965,"Chris Snyder","C",NA,FALSE
349193,"Will Ohman","P",NA,FALSE
462995,"Rick Van Den Hurk","P",NA,FALSE
445926,"Jesse Chavez","P",NA,FALSE
123041,"Mike Sweeney","1B/DH",NA,FALSE
447736,"Chris Dickerson","OF",NA,FALSE
450192,"Luke Carlin","C",NA,FALSE
430917,"Mike Fontenot","2B",NA,FALSE
115229,"Jose Guillen","OF",NA,FALSE
117601,"Derrek Lee","1B",NA,FALSE
150268,"Pedro Feliz","3B",NA,FALSE
150118,"Brian Fuentes","P",NA,FALSE
434668,"Manny Delcarmen","P",NA,FALSE
435078,"Joaquin Arias","3B",NA,FALSE
425796,"Jeff Francoeur","OF",NA,FALSE
217100,"Willie Bloomquist","SS/OF",NA,FALSE
400018,"Miguel Olivo","C",NA,FALSE
476570,"Vin Mazzaro","P",NA,FALSE
430203,"David DeJesus","OF",NA,FALSE
450580,"Dustin Richardson","P",NA,FALSE
453192,"Andrew Miller","P",NA,FALSE
465629,"Edward Mujica","P",NA,FALSE
444436,"Ryan Webb","P",NA,FALSE
457727,"Cameron Maybin","OF",NA,FALSE
408299,"Omar Infante","2B",NA,FALSE
445197,"Mike Dunn","P",NA,FALSE
462564,"Dan Uggla","2B",NA,FALSE
434658,"Rajai Davis","OF",NA,FALSE
462956,"Felipe Paulino","P",NA,FALSE
425549,"Clint Barmes","2B/SS",NA,FALSE
506673,"Juan Miranda","1B",NA,FALSE
435043,"Zach Duke","P",NA,FALSE
458003,"Blake Hawksworth","P",NA,FALSE
430946,"Jose Lopez","2B",NA,FALSE
276530,"Scott Linebrink","P",NA,FALSE
453646,"Carlos Villanueva","P",NA,FALSE
448602,"Mark Reynolds","1B/3B",NA,FALSE
456696,"David Hernandez","P",NA,FALSE
501874,"Kam Mickolio","P",NA,FALSE
408236,"Adrián González","1B",NA,FALSE
429666,"J.J. Hardy","SS",NA,FALSE
453895,"Brendan Ryan","SS",NA,FALSE
469159,"Henry Alberto Rodriguez","P",NA,FALSE
458643,"Jose Morales","C",NA,FALSE
425545,"Josh Willingham","OF",NA,FALSE
452240,"Adam Russell","P",NA,FALSE
459987,"Cesár Ramos","P",NA,FALSE
430583,"Jason Bartlett","SS",NA,FALSE
444876,"Alcides Escobar","SS",NA,FALSE
435358,"Yuniesky Betancourt","SS",NA,FALSE
425844,"Zack Greinke","P",NA,FALSE
453531,"Rob Johnson","C",NA,FALSE
434637,"Matt Lindstrom","P",NA,FALSE
464341,"Chin-Lung Hu","2B/SS",NA,FALSE
453539,"Sam Fuld","OF",NA,FALSE
490063,"Matt Garza","P",NA,FALSE
446861,"Guillermo Moscoso","P",NA,FALSE
465065,"Sergio Escalona","P",NA,FALSE
452733,"Tom Gorzelanny","P",NA,FALSE
150484,"Vernon Wells","OF",NA,FALSE
435063,"Mike Napoli","C/1B",NA,FALSE
407487,"Juan Rivera","OF",NA,FALSE
451482,"Armando Galarraga","P",NA,FALSE
489150,"Clayton Mortensen","P",NA,FALSE
407911,"Frank Francisco","P",NA,FALSE
444836,"Aaron Laffey","P",NA,FALSE
429901,"Sergio Mitre","P",NA,FALSE
446928,"Joe Inglett","2B/OF",NA,FALSE
460579,"Nyjer Morgan","OF",NA,FALSE
276354,"Matt Treanor","C",NA,FALSE
471868,"Alberto Gonzalez","2B/SS",NA,FALSE
434624,"Jayson Nix","2B/3B",NA,FALSE
453515,"David Purcey","P",NA,FALSE
462985,"Franklin Morales","P",NA,FALSE
150438,"Rodrigo Lopez","P",NA,FALSE
502003,"Scott Sizemore","2B/3B",NA,FALSE
502374,"Michael McKenry","C",NA,FALSE
407885,"Mark Ellis","2B",NA,FALSE
111904,"Mike Cameron","OF",NA,FALSE
408061,"Francisco Rodríguez","P",NA,FALSE
433898,"Jeff Keppinger","2B",NA,FALSE
400140,"Wilson Betemit","3B",NA,FALSE
430404,"Jonny Gomes","DH/OF",NA,FALSE
408242,"Wil Nieves","C",NA,FALSE
279913,"Corey Patterson","OF",NA,FALSE
519240,"Marc Rzepczynski","P",NA,FALSE
502208,"P.J. Walters","P",NA,FALSE
119125,"Trever Miller","P",NA,FALSE
458675,"Colby Rasmus","OF",NA,FALSE
425226,"Brian Tallet","P",NA,FALSE
430630,"Jason Frasor","P",NA,FALSE
433597,"Mark Teahen","3B/OF",NA,FALSE
136860,"Carlos Beltrán","OF",NA,FALSE
493120,"Kosuke Fukudome","OF",NA,FALSE
450729,"Doug Fister","P",NA,FALSE
456102,"David Pauley","P",NA,FALSE
489413,"Casper Wells","OF",NA,FALSE
501605,"Yamaico Navarro","3B/SS",NA,FALSE
449107,"Mike Aviles","SS",NA,FALSE
150020,"Jerry Hairston Jr.","2B/OF",NA,FALSE
452254,"Hunter Pence","OF",NA,FALSE
150302,"Jason Marquis","P",NA,FALSE
488984,"Tommy Hunter","P",NA,FALSE
457788,"Jordan Schafer","OF",NA,FALSE
456422,"Michael Bourn","OF",NA,FALSE
279577,"Rafael Furcal","SS",NA,FALSE
434622,"Ubaldo Jiménez","P",NA,FALSE
446899,"Brad Ziegler","P",NA,FALSE
467099,"Jordan Norberto","P",NA,FALSE
450315,"Brandon Allen","1B",NA,FALSE
448801,"Chris Davis","1B",NA,FALSE
430606,"Mike Adams","P",NA,FALSE
493157,"Koji Uehara","P",NA,FALSE
111851,"Orlando Cabrera","SS",NA,FALSE
407853,"Erik Bedard","P",NA,FALSE
430321,"Delmon Young","OF",NA,FALSE
445971,"Tim Wood","P",NA,FALSE
431094,"Aaron Hill","2B",NA,FALSE
150348,"John McDonald","SS",NA,FALSE
430637,"Kelly Johnson","2B",NA,FALSE
123272,"Jim Thome","1B/DH",NA,FALSE
429841,"Matt Diaz","OF",NA,FALSE
333292,"Jack Wilson","SS",NA,FALSE
283166,"Michael Gonzalez","P",NA,FALSE
502609,"Daniel Herrera","P",NA,FALSE
489448,"Mike Zagurski","P",NA,FALSE
451500,"Kila Ka'aihue","1B/DH",NA,FALSE
501954,"Ozzie Martínez","SS",NA,FALSE
117955,"Derek Lowe","P",NA,FALSE
466320,"Melky Cabrera","OF",NA,FALSE
456043,"Jonathan Sánchez","P",NA,FALSE
421064,"Ty Wigginton","1B/3B",NA,FALSE
434633,"John Baker","C",NA,FALSE
453281,"Wade LeBlanc","P",NA,FALSE
472528,"Luis Valbuena","3B",NA,FALSE
444379,"John Jaso","C",NA,FALSE
455104,"Chris Iannetta","C",NA,FALSE
460003,"Taylor Teagarden","C",NA,FALSE
425772,"Jeff Mathis","C",NA,FALSE
502166,"Brad Mills","P",NA,FALSE
435045,"Sergio Santos","P",NA,FALSE
458713,"Kevin Slowey","P",NA,FALSE
434718,"Huston Street","P",NA,FALSE
434636,"Ángel Pagán","OF",NA,FALSE
400083,"Andres Torres","OF",NA,FALSE
502125,"Tyler Colvin","OF",NA,FALSE
456655,"Ian Stewart","3B",NA,FALSE
444520,"Craig Breslow","P",NA,FALSE
502239,"Trevor Cahill","P",NA,FALSE
444446,"Collin Balester","P",NA,FALSE
543634,"Ryan Perry","P",NA,FALSE
450204,"Ben Francisco","OF",NA,FALSE
488674,"Burke Badenhop","P",NA,FALSE
407842,"Jose Veras","P",NA,FALSE
431171,"Casey McGehee","3B",NA,FALSE
476704,"Jed Lowrie","2B/SS",NA,FALSE
450172,"Edinson Volquez","P",NA,FALSE
502009,"Mat Latos","P",NA,FALSE
475174,"Yonder Alonso","1B",NA,FALSE
461829,"Gio Gonzalez","P",NA,FALSE
475243,"Travis Wood","P",NA,FALSE
445156,"Sean Marshall","P",NA,FALSE
502210,"Josh Reddick","OF",NA,FALSE
457732,"Andrew Bailey","P",NA,FALSE
435220,"Ryan Sweeney","OF",NA,FALSE
435041,"Carlos Quentin","OF",NA,FALSE
474319,"Brandon Snyder","1B/3B",NA,FALSE
458690,"Chris Volstad","P",NA,FALSE
407296,"Carlos Zambrano","P",NA,FALSE
519203,"Anthony Rizzo","1B",NA,FALSE
488768,"Andrew Cashner","P",NA,FALSE
452234,"Seth Smith","OF",NA,FALSE
489189,"Josh Outman","P",NA,FALSE
474029,"Zach Putnam","P",NA,FALSE
340192,"Marco Scutaro","2B/SS",NA,FALSE
524968,"Jesus Montero","C/DH",NA,FALSE
456051,"Hector Noesí","P",NA,FALSE
407832,"Wilson Valdez","2B/SS",NA,FALSE
456662,"Jeremy Horst","P",NA,FALSE
444453,"Russ Canzler","1B/DH/OF",NA,FALSE
434628,"Jason Hammel","P",NA,FALSE
425386,"Jeremy Guthrie","P",NA,FALSE
150359,"A.J. Burnett","P",NA,FALSE
452764,"Chris Carpenter","P",NA,FALSE
430652,"Jason Bourgeois","OF",NA,FALSE
279827,"Humberto Quintero","C",NA,FALSE
446003,"Jairo Asencio","P",NA,FALSE
579799,"Ryota Igarashi","P",NA,FALSE
464433,"Juan Francisco","1B/3B",NA,FALSE
502004,"George Kontos","P",NA,FALSE
455755,"Chris Stewart","C",NA,FALSE
407781,"Marlon Byrd","OF",NA,FALSE
476601,"Michael Bowden","P",NA,FALSE
458679,"Josh Bell","3B",NA,FALSE
457117,"Ernesto Frieri","P",NA,FALSE
506560,"Alexi Amarista","2B/SS/OF",NA,FALSE
425542,"Koyie Hill","C",NA,FALSE
450300,"Drew Sutton","2B/OF",NA,FALSE
456665,"Steve Pearce","1B/OF",NA,FALSE
469134,"Esmil Rogers","P",NA,FALSE
452121,"Brent Lillibridge","OF",NA,FALSE
425903,"Kevin Youkilis","1B/3B",NA,FALSE
543819,"Zach Stewart","P",NA,FALSE
150324,"Carlos Lee","OF",NA,FALSE
518625,"Matt Dominguez","3B",NA,FALSE
457926,"Paul Janish","SS",NA,FALSE
430683,"Justin Germano","P",NA,FALSE
407193,"Brandon Lyon","P",NA,FALSE
502304,"David Carpenter","P",NA,FALSE
150188,"Francisco Cordero","P",NA,FALSE
435560,"Omar Quintanilla","2B/SS",NA,FALSE
408206,"Brett Myers","P",NA,FALSE
400085,"Ichiro Suzuki","OF",NA,FALSE
434671,"Aníbal Sánchez","P",NA,FALSE
545363,"Jacob Turner","P",NA,FALSE
446264,"Barry Enright","P",NA,FALSE
434643,"Wandy Rodriguez","P",NA,FALSE
329092,"Randy Choate","P",NA,FALSE
434670,"Hanley Ramirez","SS",NA,FALSE
543135,"Nathan Eovaldi","P",NA,FALSE
440251,"Ryan Roberts","2B/3B",NA,FALSE
453400,"Chris Johnson","3B",NA,FALSE
435459,"George Kottaras","C",NA,FALSE
501745,"Fautino De Los Santos","P",NA,FALSE
434538,"Francisco Liriano","P",NA,FALSE
500871,"Eduardo Escobar","3B",NA,FALSE
435625,"Nate Schierholtz","OF",NA,FALSE
502249,"Lars Anderson","1B",NA,FALSE
459991,"Gaby Sanchez","1B",NA,FALSE
434181,"Brandon League","P",NA,FALSE
425664,"Shane Victorino","OF",NA,FALSE
458676,"Josh Lindblom","P",NA,FALSE
133225,"Ryan Dempster","P",NA,FALSE
458006,"Matt Albers","P",NA,FALSE
519346,"Eric Thames","1B/OF",NA,FALSE
447755,"Steve Delabar","P",NA,FALSE
453184,"Brad Lincoln","P",NA,FALSE
501983,"Travis Snider","OF",NA,FALSE
455009,"Jonathan Broxton","P",NA,FALSE
434567,"Geovany Soto","C",NA,FALSE
407862,"Reed Johnson","OF",NA,FALSE
430904,"Paul Maholm","P",NA,FALSE
430599,"Joe Blanton","P",NA,FALSE
435559,"Kurt Suzuki","C",NA,FALSE
425557,"Jeff Baker","1B/2B",NA,FALSE
502143,"Danny Valencia","3B",NA,FALSE
460022,"Tyler Greene","2B/SS",NA,FALSE
240694,"J.C. Romero","P",NA,FALSE
431159,"Kelly Shoppach","C",NA,FALSE
474039,"Pedro Beato","P",NA,FALSE
452220,"Stephen Drew","SS",NA,FALSE
474443,"Iván De Jesús Jr.","2B",NA,FALSE
425766,"James Loney","1B",NA,FALSE
277417,"Josh Beckett","P",NA,FALSE
408307,"Carl Crawford","OF",NA,FALSE
346857,"Nick Punto","2B/3B/SS",NA,FALSE
489232,"Anthony Recker","C",NA,FALSE
150275,"Yorvit Torrealba","C",NA,FALSE
523989,"Rubby De La Rosa","P",NA,FALSE
543742,"Jerry Sands","OF",NA,FALSE
460060,"Cliff Pennington","2B/SS",NA,FALSE
425514,"Heath Bell","P",NA,FALSE
455759,"Chris Young","OF",NA,FALSE
429722,"Ervin Santana","P",NA,FALSE
493574,"Blake Tekotte","OF",NA,FALSE
459415,"Tommy Hottovy","P",NA,FALSE
502026,"Jeremy Jeffress","P",NA,FALSE
519107,"Andy Parrino","SS",NA,FALSE
475115,"Tyson Ross","P",NA,FALSE
506693,"Henderson Alvarez","P",NA,FALSE
466988,"Emilio Bonifácio","2B/OF",NA,FALSE
408314,"José Reyes","SS",NA,FALSE
407833,"John Buck","C",NA,FALSE
435178,"Josh Johnson","P",NA,FALSE
279824,"Mark Buehrle","P",NA,FALSE
519186,"Matt Reynolds","P",NA,FALSE
435180,"Robert Andino","2B/SS",NA,FALSE
477054,"Trayvon Robinson","OF",NA,FALSE
518794,"Brandon Hicks","2B",NA,FALSE
466459,"Sandy Rosario","P",NA,FALSE
452655,"Denard Span","OF",NA,FALSE
434592,"Chris Resop","P",NA,FALSE
477229,"Jordan Walden","P",NA,FALSE
462102,"Tommy Hanson","P",NA,FALSE
446641,"Wilton Lopez","P",NA,FALSE
502229,"Alex White","P",NA,FALSE
519184,"Ben Revere","OF",NA,FALSE
474699,"Vance Worley","P",NA,FALSE
453232,"Graham Godfrey","P",NA,FALSE
276545,"Michael Young","SS",NA,FALSE
451584,"Wade Davis","P",NA,FALSE
448306,"James Shields","P",NA,FALSE
543766,"Bryan Shaw","P",NA,FALSE
448609,"Tony Sipp","P",NA,FALSE
425783,"Shin-Soo Choo","OF",NA,FALSE
453228,"Jason Donald","2B/SS",NA,FALSE
453211,"Drew Stubbs","OF",NA,FALSE
435401,"Skip Schumaker","2B/OF",NA,FALSE
435081,"Mike Nickeas","C",NA,FALSE
489365,"Josh Thole","C",NA,FALSE
285079,"R.A. Dickey","P",NA,FALSE
518577,"Collin Cowgill","OF",NA,FALSE
434778,"Kendrys Morales","1B/DH",NA,FALSE
450306,"Jason Vargas","P",NA,FALSE
518655,"John Ely","P",NA,FALSE
430629,"Joel Hanrahan","P",NA,FALSE
491646,"Jeanmar Gómez","P",NA,FALSE
434604,"Michael Morse","1B/OF",NA,FALSE
517414,"Randall Delgado","P",NA,FALSE
445988,"Martín Prado","3B",NA,FALSE
457708,"Justin Upton","OF",NA,FALSE
502748,"Brad Peacock","P",NA,FALSE
474892,"Chris Carter","1B/DH",NA,FALSE
471107,"Elliot Johnson","2B/SS",NA,FALSE
518875,"Shawn Kelley","P",NA,FALSE
458582,"Reid Brignac","SS",NA,FALSE
542999,"Tony Campana","OF",NA,FALSE
455077,"Mike Carp","1B/OF",NA,FALSE
543216,"Conor Gillaspie","3B",NA,FALSE
451773,"Dane De La Rosa","P",NA,FALSE
429715,"Travis Blackley","P",NA,FALSE
519390,"Stephen Vogt","C",NA,FALSE
150421,"Ramon Hernandez","C",NA,FALSE
421685,"Aaron Harang","P",NA,FALSE
455139,"Robinson Chirinos","C",NA,FALSE
425646,"Luis Ayala","P",NA,FALSE
542924,"Jeff Beliveau","P",NA,FALSE
455126,"Chris Nelson","3B",NA,FALSE
465674,"Pedro Ciriaco","3B/SS",NA,FALSE
458913,"Eric Young Jr.","OF",NA,FALSE
543521,"Collin McHugh","P",NA,FALSE
461791,"Carlos Marmol","P",NA,FALSE
407825,"Matt Guerrier","P",NA,FALSE
444857,"Scott Feldman","P",NA,FALSE
502182,"Steve Clevenger","C",NA,FALSE
453562,"Jake Arrieta","P",NA,FALSE
467008,"Pedro Strop","P",NA,FALSE
499926,"Alex Liddi","3B",NA,FALSE
445060,"Ricky Nolasco","P",NA,FALSE
476205,"Josh Wall","P",NA,FALSE
459939,"Mitchell Boggs","P",NA,FALSE
407819,"Matt Thornton","P",NA,FALSE
518748,"Justin Grimm","P",NA,FALSE
150093,"Alfonso Soriano","2B/OF",NA,FALSE
275933,"Scott Downs","P",NA,FALSE
430884,"Jesse Crain","P",NA,FALSE
543321,"L.J. Hoes","OF",NA,FALSE
502032,"Bud Norris","P",NA,FALSE
541645,"Avisaíl García","OF",NA,FALSE
452239,"Justin Maxwell","OF",NA,FALSE
460077,"Drew Butera","C",NA,FALSE
491159,"Joe Thatcher","P",NA,FALSE
500903,"Brayan Villarreal","P",NA,FALSE
578428,"Jose Iglesias","SS",NA,FALSE
408241,"Jake Peavy","P",NA,FALSE
453178,"Ian Kennedy","P",NA,FALSE
425567,"Alex Rios","OF",NA,FALSE
425206,"Jamey Carroll","2B/3B",NA,FALSE
450641,"Quintin Berry","OF",NA,FALSE
430585,"Jason Kubel","DH/OF",NA,FALSE
446099,"John Axford","P",NA,FALSE
408047,"Justin Morneau","1B",NA,FALSE
502100,"Alex Presley","OF",NA,FALSE
431166,"Matt Pagnozzi","C",NA,FALSE
543008,"Alex Castellanos","OF",NA,FALSE
435079,"Ian Kinsler","2B",NA,FALSE
425902,"Prince Fielder","1B",NA,FALSE
501896,"David Freese","3B",NA,FALSE
477569,"Fernando Salas","P",NA,FALSE
488721,"Peter Bourjos","OF",NA,FALSE
472551,"Fernando Abad","P",NA,FALSE
571945,"Miles Mikolas","P",NA,FALSE
542960,"Brad Brach","P",NA,FALSE
543459,"Steve Lombardozzi Jr.","2B/OF",NA,FALSE
452672,"Ryan Hanigan","C",NA,FALSE
451594,"Dexter Fowler","OF",NA,FALSE
456124,"Erik Kratz","C",NA,FALSE
488681,"Brandon Barnes","OF",NA,FALSE
543475,"Jordan Lyles","P",NA,FALSE
457789,"Jemile Weeks","2B",NA,FALSE
462382,"Jim Johnson","P",NA,FALSE
502226,"Craig Gentry","OF",NA,FALSE
502381,"Luke Gregerson","P",NA,FALSE
519293,"Will Smith","P",NA,FALSE
493114,"Norichika Aoki","OF",NA,FALSE
444432,"Mark Trumbo","1B/DH/OF",NA,FALSE
502327,"Héctor Santiago","P",NA,FALSE
572140,"Tyler Skaggs","P",NA,FALSE
594809,"Adam Eaton","OF",NA,FALSE
519141,"Drew Pomeranz","P",NA,FALSE
474463,"Brett Anderson","P",NA,FALSE
542914,"Anthony Bass","P",NA,FALSE
460283,"Jerry Blevins","P",NA,FALSE
460131,"Brian Bogusevic","OF",NA,FALSE
448605,"Justin Ruggiano","OF",NA,FALSE
489149,"Logan Morrison","1B/OF",NA,FALSE
605169,"Carter Capps","P",NA,FALSE
592665,"Addison Reed","P",NA,FALSE
425491,"Ryan Doumit","C",NA,FALSE
461882,"Jesus Guzman","1B/OF",NA,FALSE
474249,"Ryan Jackson","2B",NA,FALSE
468406,"Jonathan Herrera","2B/SS",NA,FALSE
518953,"David Lough","OF",NA,FALSE
446395,"Corey Brown","OF",NA,FALSE
523253,"Logan Forsythe","2B",NA,FALSE
456776,"Alex Torres","P",NA,FALSE
502202,"Brad Boxberger","P",NA,FALSE
453307,"David Huff","P",NA,FALSE
451713,"Carlos Peguero","OF",NA,FALSE
501992,"Nate Karns","P",NA,FALSE
446653,"Jose Lobatón","C",NA,FALSE
518653,"Jake Elmore","SS/OF",NA,FALSE
451088,"Justin Sellers","SS",NA,FALSE
461865,"Andrew Romine","3B/SS",NA,FALSE
501625,"Jose Alvarez","P",NA,FALSE
446192,"Adam Moore","C",NA,FALSE
543258,"Preston Guilmet","P",NA,FALSE
456488,"Eduardo Núñez","3B/SS",NA,FALSE
477195,"Ike Davis","1B",NA,FALSE
449173,"Lucas Harrell","P",NA,FALSE
452035,"Kyle Blanks","1B/OF",NA,FALSE
447744,"Raul Valdes","P",NA,FALSE
460026,"Nick Hundley","C",NA,FALSE
461856,"Troy Patton","P",NA,FALSE
457768,"Bryan Morris","P",NA,FALSE
446345,"Michael Taylor","OF",NA,FALSE
276351,"Jason Grilli","P",NA,FALSE
548348,"Donnie Joseph","P",NA,FALSE
448179,"Rich Hill","P",NA,FALSE
457453,"Jair Jurrjens","P",NA,FALSE
502188,"Jeff Samardzija","P",NA,FALSE
573185,"Dan Straily","P",NA,FALSE
435221,"Brandon McCarthy","P",NA,FALSE
573064,"Vidal Nuño","P",NA,FALSE
433585,"Jeff Francis","P",NA,FALSE
543488,"Nick Maronde","P",NA,FALSE
452104,"Chase Headley","3B",NA,FALSE
465657,"Joakim Soria","P",NA,FALSE
543668,"Stephen Pryor","P",NA,FALSE
425626,"Chris Capuano","P",NA,FALSE
517370,"Jimmy Paredes","3B/DH/OF",NA,FALSE
592390,"Heath Hembree","P",NA,FALSE
521230,"Liam Hendriks","P",NA,FALSE
446381,"Darwin Barney","2B",NA,FALSE
475416,"Justin Masterson","P",NA,FALSE
467094,"Felix Doubront","P",NA,FALSE
543548,"Tommy Milone","P",NA,FALSE
407793,"John Lackey","P",NA,FALSE
501659,"Abraham Almonte","OF",NA,FALSE
456121,"Chris Denorfia","OF",NA,FALSE
467827,"Gerardo Parra","OF",NA,FALSE
452678,"Asdrúbal Cabrera","SS",NA,FALSE
543054,"Jarred Cosart","P",NA,FALSE
545338,"Nick Franklin","2B",NA,FALSE
457706,"Austin Jackson","OF",NA,FALSE
456034,"David Price","P",NA,FALSE
592767,"Drew Smyly","P",NA,FALSE
545350,"Jake Marisnick","OF",NA,FALSE
595025,"Zach Walters","DH/OF",NA,FALSE
460701,"James Russell","P",NA,FALSE
523260,"Joe Kelly","P",NA,FALSE
501800,"Allen Craig","1B/OF",NA,FALSE
493316,"Yoenis Cespedes","OF",NA,FALSE
452657,"Jon Lester","P",NA,FALSE
502260,"Vinnie Pestano","P",NA,FALSE
433584,"Roberto Hernandez","P",NA,FALSE
429781,"Kevin Correia","P",NA,FALSE
571804,"Brett Jackson","OF",NA,FALSE
493596,"Gordon Beckham","2B",NA,FALSE
460269,"Chris Gimenez","C",NA,FALSE
457762,"Bryan Anderson","C",NA,FALSE
276055,"Adam Dunn","1B/OF",NA,FALSE
457477,"Alejandro De Aza","OF",NA,FALSE
460055,"John Mayberry Jr.","OF",NA,FALSE
543776,"JB Shuck","OF",NA,FALSE
452252,"Adam Lind","1B/DH",NA,FALSE
462136,"Marco Estrada","P",NA,FALSE
474233,"Hank Conger","C",NA,FALSE
543746,"Rob Scahill","P",NA,FALSE
458677,"Justin Wilson","P",NA,FALSE
465041,"Francisco Cervelli","C",NA,FALSE
543238,"Anthony Gose","OF",NA,FALSE
476451,"Jeremy Hellickson","P",NA,FALSE
527055,"Arodys Vizcaíno","P",NA,FALSE
518792,"Jason Heyward","OF",NA,FALSE
571946,"Shelby Miller","P",NA,FALSE
407908,"Joel Peralta","P",NA,FALSE
523848,"José Domínguez","P",NA,FALSE
504379,"Juan Nicasio","P",NA,FALSE
543169,"Brian Flynn","P",NA,FALSE
543070,"Aaron Crow","P",NA,FALSE
543594,"Sean Nolin","P",NA,FALSE
543434,"Brett Lawrie","2B/3B",NA,FALSE
518626,"Josh Donaldson","3B",NA,FALSE
446481,"Sean Rodríguez","2B",NA,FALSE
502317,"Chris Heisey","OF",NA,FALSE
459431,"Michael Saunders","OF",NA,FALSE
544369,"Didi Gregorius","SS",NA,FALSE
461235,"Brandon Moss","1B/OF",NA,FALSE
572033,"Josh Phegley","C",NA,FALSE
471083,"Miguel Montero","C",NA,FALSE
543760,"Marcus Semien","2B/SS",NA,FALSE
455374,"Antonio Bastardo","P",NA,FALSE
519144,"Rick Porcello","P",NA,FALSE
592710,"Josh Rutledge","2B/SS",NA,FALSE
543829,"Dee Strange-Gordon","2B",NA,FALSE
501822,"Chris Hatcher","P",NA,FALSE
543935,"Alex Wilson","P",NA,FALSE
516589,"André Rienzo","P",NA,FALSE
543359,"Dan Jennings","P",NA,FALSE
430580,"Alfredo Simon","P",NA,FALSE
435062,"Howie Kendrick","2B",NA,FALSE
543809,"Zeke Spruill","P",NA,FALSE
543903,"Allen Webster","P",NA,FALSE
489119,"Wade Miley","P",NA,FALSE
446321,"Ross Detwiler","P",NA,FALSE
448178,"Kevin Jepsen","P",NA,FALSE
459964,"Matt Joyce","OF",NA,FALSE
460008,"Anthony Varvaro","P",NA,FALSE
519083,"Derek Norris","C",NA,FALSE
543148,"Tim Federowicz","C",NA,FALSE
518735,"Yasmani Grandal","C",NA,FALSE
543921,"Joe Wieland","P",NA,FALSE
545001,"Eury De La Rosa","P",NA,FALSE
461314,"Matt Kemp","OF",NA,FALSE
475479,"David Phelps","P",NA,FALSE
425784,"René Rivera","C",NA,FALSE
571976,"Wil Myers","1B/OF",NA,FALSE
542674,"Gonzalez Germen","P",NA,FALSE
543213,"Johnny Giavotella","2B",NA,FALSE
276519,"Jimmy Rollins","SS",NA,FALSE
434540,"Garrett Jones","1B/OF",NA,FALSE
519025,"Will Middlebrooks","3B",NA,FALSE
543506,"Brandon Maurer","P",NA,FALSE
592741,"Chasen Shreve","P",NA,FALSE
450314,"Ben Zobrist","2B/OF",NA,FALSE
455119,"Chris Martin","P",NA,FALSE
461325,"Tyler Clippard","P",NA,FALSE
594828,"Evan Gattis","C/DH",NA,FALSE
592314,"Mike Foltynewicz","P",NA,FALSE
596143,"Luis Sardinas","2B/SS",NA,FALSE
608349,"Corey Knebel","P",NA,FALSE
451596,"Yovani Gallardo","P",NA,FALSE
449786,"Carlos Corporán","C",NA,FALSE
519168,"Anthony Ranaudo","P",NA,FALSE
543726,"Robbie Ross Jr.","P",NA,FALSE
571735,"David Hale","P",NA,FALSE
491708,"Arquimedes Caminero","P",NA,FALSE
519425,"Jackson Williams","C",NA,FALSE
430681,"Dan Johnson","1B",NA,FALSE
518693,"Sam Freeman","P",NA,FALSE
506702,"Sandy León","C",NA,FALSE
544925,"Matthew den Dekker","OF",NA,FALSE
541640,"Erasmo Ramírez","P",NA,FALSE
463610,"Gregorio Petit","2B/SS",NA,FALSE
425834,"B.J. Upton","OF",NA,FALSE
518886,"Craig Kimbrel","P",NA,FALSE
458584,"Xavier Cedeño","P",NA,FALSE
285078,"Josh Hamilton","OF",NA,FALSE
519411,"Matt West","P",NA,FALSE
605477,"Chad Smith","P",NA,FALSE
500721,"Yoervis Medina","P",NA,FALSE
456078,"Welington Castillo","C",NA,FALSE
474668,"Eric Surkamp","P",NA,FALSE
543590,"Kirk Nieuwenhuis","OF",NA,FALSE
346874,"Juan Uribe","3B/SS",NA,FALSE
445590,"Eric Stults","P",NA,FALSE
621962,"Ian Thomas","P",NA,FALSE
462089,"Juan Jaime","P",NA,FALSE
608678,"Dominic Leone","P",NA,FALSE
594838,"Phil Gosselin","2B/3B",NA,FALSE
571868,"Marc Krauss","1B/OF",NA,FALSE
453385,"Clayton Richard","P",NA,FALSE
133380,"Aramis Ramirez","3B",NA,FALSE
431148,"Scott Kazmir","P",NA,FALSE
518553,"Steve Cishek","P",NA,FALSE
456501,"Johnny Cueto","P",NA,FALSE
605232,"Brandon Finnegan","P",NA,FALSE
449097,"Jonathan Papelbon","P",NA,FALSE
115629,"LaTroy Hawkins","P",NA,FALSE
453064,"Troy Tulowitzki","SS",NA,FALSE
605156,"Aaron Brooks","P",NA,FALSE
461815,"David Murphy","OF",NA,FALSE
554429,"Dustin Ackley","2B/OF",NA,FALSE
502190,"Mike Leake","P",NA,FALSE
594807,"Adam Duvall","OF",NA,FALSE
460576,"Carlos Gómez","OF",NA,FALSE
571666,"Mike Fiers","P",NA,FALSE
570267,"Domingo Santana","OF",NA,FALSE
572089,"Paco Rodríguez","P",NA,FALSE
501593,"Luis Avilán","P",NA,FALSE
622072,"Alex Wood","P",NA,FALSE
596057,"Daniel Norris","P",NA,FALSE
542432,"José Ramírez","P",NA,FALSE
473879,"Sam Dyson","P",NA,FALSE
516809,"Junior Lake","OF",NA,FALSE
542513,"Tomás Telis","C/1B",NA,FALSE
519169,"Rob Rasmussen","P",NA,FALSE
430935,"Cole Hamels","P",NA,FALSE
518617,"Jake Diekman","P",NA,FALSE
457448,"Matt Harrison","P",NA,FALSE
475857,"Ryan Cook","P",NA,FALSE
467798,"Jose Tabata","OF",NA,FALSE
447714,"Eric O'Flaherty","P",NA,FALSE
430897,"Nick Swisher","1B/OF",NA,FALSE
424144,"Oliver Pérez","P",NA,FALSE
461416,"Will Venable","OF",NA,FALSE
400284,"Chase Utley","2B",NA,FALSE
150116,"Randy Wolf","P",NA,FALSE
574831,"Michael Choice","OF",NA,FALSE
457754,"Jon Edwards","P",NA,FALSE
425840,"Neal Cotts","P",NA,FALSE
407845,"Fernando Rodney","P",NA,FALSE
543056,"Danny Coulombe","P",NA,FALSE
543543,"Brad Miller","SS",NA,FALSE
592677,"C.J. Riefenhauser","P",NA,FALSE
543144,"Danny Farquhar","P",NA,FALSE
543302,"Chris Herrmann","C/OF",NA,FALSE
517369,"José Pirela","2B/OF",NA,FALSE
571974,"John Ryan Murphy","C",NA,FALSE
543305,"Aaron Hicks","OF",NA,FALSE
592743,"Andrelton Simmons","SS",NA,FALSE
430947,"Erick Aybar","SS",NA,FALSE
276542,"Joaquín Benoit","P",NA,FALSE
452666,"Tom Wilhelmsen","P",NA,FALSE
547982,"Leonys Martin","OF",NA,FALSE
571825,"James Jones","OF",NA,FALSE
542340,"Jonathan Villar","2B/SS",NA,FALSE
607359,"Spencer Patton","P",NA,FALSE
571871,"Ian Krol","P",NA,FALSE
592454,"Tommy Kahnle","P",NA,FALSE
571521,"Rex Brothers","P",NA,FALSE
489446,"Kirby Yates","P",NA,FALSE
506747,"Francisco Peña","C",NA,FALSE
488810,"Tony Cruz","C",NA,FALSE
605476,"Carson Smith","P",NA,FALSE
606273,"Roenis Elías","P",NA,FALSE
576397,"Jedd Gyorko","2B/3B",NA,FALSE
516770,"Starlin Castro","2B/SS",NA,FALSE
476589,"Adam Warren","P",NA,FALSE
445055,"Jon Jay","OF",NA,FALSE
519267,"Evan Scribner","P",NA,FALSE
542255,"Ender Inciarte","OF",NA,FALSE
435522,"Neil Walker","2B",NA,FALSE
477003,"Jonathon Niese","P",NA,FALSE
542194,"Christian Bethancourt","C",NA,FALSE
594555,"Garin Cecchini","3B",NA,FALSE
543391,"Casey Kelly","P",NA,FALSE
519085,"Brett Oberholtzer","P",NA,FALSE
450203,"Charlie Morton","P",NA,FALSE
571704,"Ken Giles","P",NA,FALSE
453943,"Todd Frazier","3B",NA,FALSE
595386,"Jason Rogers","1B",NA,FALSE
519096,"Dan Otero","P",NA,FALSE
543456,"Kyle Lobstein","P",NA,FALSE
547973,"Aroldis Chapman","P",NA,FALSE
504186,"Arnold Leon","P",NA,FALSE
519322,"Drew Storen","P",NA,FALSE
591720,"Ronald Torreyes","2B/3B/SS",NA,FALSE
621397,"Tyler Olson","P",NA,FALSE
595235,"Cody Hall","P",NA,FALSE
527043,"Jefry Marte","1B",NA,FALSE
459429,"Jake McGee","P",NA,FALSE
572816,"Corey Dickerson","OF",NA,FALSE
502624,"Chase Anderson","P",NA,FALSE
621281,"Tyler Wagner","P",NA,FALSE
516416,"Jean Segura","2B/SS",NA,FALSE
571553,"Darrell Ceciliani","OF",NA,FALSE
628333,"Odrisamer Despaigne","P",NA,FALSE
605227,"Taylor Featherston","2B/3B",NA,FALSE
501981,"Khris Davis","DH/OF",NA,FALSE
458085,"Chris Coghlan","OF",NA,FALSE
592407,"Bryan Holaday","C",NA,FALSE
435064,"Bobby Wilson","C",NA,FALSE
543883,"Nick Vincent","P",NA,FALSE
468504,"Jhoulys Chacín","P",NA,FALSE
501697,"Jhan Mariñez","P",NA,FALSE
543242,"J.R. Graham","P",NA,FALSE
451085,"Brian Matusz","P",NA,FALSE
605304,"Erik Johnson","P",NA,FALSE
572308,"José A. Váldez","P",NA,FALSE
570489,"Arismendy Alcántara","2B/OF",NA,FALSE
621035,"Chris Taylor","OF",NA,FALSE
542455,"Oswaldo Arcia","OF",NA,FALSE
492841,"Michael Martinez","2B/OF",NA,FALSE
453222,"Scott Carroll","P",NA,FALSE
543557,"Mike Montgomery","P",NA,FALSE
516714,"Dario Alvarez","P",NA,FALSE
607067,"Colin Rea","P",NA,FALSE
542993,"Billy Burns","OF",NA,FALSE
553878,"Felipe Vázquez","P",NA,FALSE
493343,"Héctor Olivera","3B",NA,FALSE
572180,"Andrew Susac","C",NA,FALSE
543542,"Alex Meyer","P",NA,FALSE
519043,"Matt Moore","P",NA,FALSE
622110,"Matt Duffy","3B",NA,FALSE
518960,"Jonathan Lucroy","C",NA,FALSE
467100,"Iván Nova","P",NA,FALSE
446386,"Brandon Guyer","OF",NA,FALSE
502211,"Mike Bolsinger","P",NA,FALSE
457803,"Jay Bruce","OF",NA,FALSE
501925,"Joe Smith","P",NA,FALSE
451661,"Josh Fields","P",NA,FALSE
571800,"Drew Hutchison","P",NA,FALSE
519381,"Pat Venditte","P",NA,FALSE
454560,"A.J. Ellis","C",NA,FALSE
434563,"Carlos Ruiz","C",NA,FALSE
425900,"Dioner Navarro","C",NA,FALSE
537953,"Daniel Nava","OF",NA,FALSE
424825,"Coco Crisp","OF",NA,FALSE
452061,"Zach Phillips","P",NA,FALSE
518567,"Josh Collmenter","P",NA,FALSE
457435,"Phil Coke","P",NA,FALSE
543424,"John Lamb","P",NA,FALSE
450212,"Pat Neshek","P",NA,FALSE
573131,"Darin Ruf","1B/OF",NA,FALSE
435263,"Brian McCann","C",NA,FALSE
572128,"Richie Shaffer","1B/DH",NA,FALSE
572021,"James Pazos","P",NA,FALSE
606466,"Ketel Marte","2B",NA,FALSE
592836,"Taijuan Walker","P",NA,FALSE
548337,"Logan Verrett","P",NA,FALSE
448802,"Jaime García","P",NA,FALSE
519242,"Chris Sale","P",NA,FALSE
543768,"Travis Shaw","3B",NA,FALSE
592804,"Tyler Thornburg","P",NA,FALSE
624585,"Jorge Soler","DH/OF",NA,FALSE
518790,"Chris Heston","P",NA,FALSE
592426,"Luke Jackson","P",NA,FALSE
457787,"Danny Espinosa","2B/SS",NA,FALSE
455117,"Martín Maldonado","C",NA,FALSE
542908,"Jett Bandy","C",NA,FALSE
453329,"Clay Buchholz","P",NA,FALSE
580792,"Nick Goody","P",NA,FALSE
502481,"Jarrod Dyson","OF",NA,FALSE
605480,"Mallex Smith","OF",NA,FALSE
623406,"Shae Simmons","P",NA,FALSE
608672,"Micah Johnson","2B",NA,FALSE
543484,"Mikie Mahtook","OF",NA,FALSE
592169,"Austin Brice","P",NA,FALSE
592254,"José De León","P",NA,FALSE
518649,"Brett Eibner","OF",NA,FALSE
592614,"Dillon Overton","P",NA,FALSE
572750,"Eddie Butler","P",NA,FALSE
544836,"Enny Romero","P",NA,FALSE
491696,"Jesús Sucre","C",NA,FALSE
593679,"Gabriel Ynoa","P",NA,FALSE
408252,"Brandon Phillips","2B",NA,FALSE
542947,"Richard Bleier","P",NA,FALSE
594742,"Alec Asher","P",NA,FALSE
612434,"Miguel Castro","P",NA,FALSE
571911,"Damien Magnifico","P",NA,FALSE
543118,"Oliver Drake","P",NA,FALSE
592170,"Parker Bridwell","P",NA,FALSE
592127,"Johnny Barbato","P",NA,FALSE
492802,"Juan Graterol","C",NA,FALSE
571841,"Ty Kelly","2B/3B/OF",NA,FALSE
534606,"Ryan LaMarre","OF",NA,FALSE
519333,"Matt Szczur","OF",NA,FALSE
542454,"Danny Santana","OF",NA,FALSE
502272,"Casey Fien","P",NA,FALSE
571431,"Matt Adams","1B",NA,FALSE
430605,"Ryan Raburn","OF",NA,FALSE
514913,"Rubén Tejada","SS",NA,FALSE
570257,"Joely Rodríguez","P",NA,FALSE
461858,"Trevor Plouffe","3B",NA,FALSE
588751,"Adeiny Hechavarría","SS",NA,FALSE
573127,"Zac Rosscup","P",NA,FALSE
500779,"Jose Quintana","P",NA,FALSE
448281,"Sean Doolittle","P",NA,FALSE
595014,"Blake Treinen","P",NA,FALSE
425492,"Ryan Madson","P",NA,FALSE
502110,"J.D. Martinez","DH/OF",NA,FALSE
475054,"Chaz Roe","P",NA,FALSE
502085,"David Robertson","P",NA,FALSE
594835,"Marco Gonzales","P",NA,FALSE
489265,"Sergio Romo","P",NA,FALSE
608701,"Rob Refsnyder","OF",NA,FALSE
466948,"Jean Machi","P",NA,FALSE
621381,"Matt Strahm","P",NA,FALSE
519344,"Nick Tepesch","P",NA,FALSE
488748,"Ryan Buchter","P",NA,FALSE
461872,"Anthony Swarzak","P",NA,FALSE
446263,"Lucas Duda","1B/OF",NA,FALSE
573109,"AJ Ramos","P",NA,FALSE
547957,"Hyun Soo Kim","OF",NA,FALSE
543243,"Sonny Gray","P",NA,FALSE
606192,"Teoscar Hernández","OF",NA,FALSE
445213,"Brandon Kintzler","P",NA,FALSE
506433,"Yu Darvish","P",NA,FALSE
542921,"Tim Beckham","SS",NA,FALSE
453265,"Tony Watson","P",NA,FALSE
571561,"Tony Cingrani","P",NA,FALSE
475100,"Scott Van Slyke","OF",NA,FALSE
488671,"Alex Avila","C",NA,FALSE
600869,"Jeimer Candelario","3B",NA,FALSE
623439,"Ryan Garton","P",NA,FALSE
434158,"Curtis Granderson","OF",NA,FALSE
543408,"Tom Koehler","P",NA,FALSE
456068,"Miguel González","P",NA,FALSE
506997,"Tony Sanchez","C",NA,FALSE
434378,"Justin Verlander","P",NA,FALSE
570240,"Félix Peña","P",NA,FALSE
592387,"Ryon Healy","1B/3B",NA,FALSE
502051,"Josh Ravin","P",NA,FALSE
649557,"Aledmys Díaz","SS",NA,FALSE
519317,"Giancarlo Stanton","DH/OF",NA,FALSE
621563,"Joey Wendle","2B/3B/SS",NA,FALSE
518466,"Jabari Blash","OF",NA,FALSE
572114,"Ryan Schimpf","2B/3B",NA,FALSE
571951,"Bryan Mitchell","P",NA,FALSE
542888,"Shawn Armstrong","P",NA,FALSE
572039,"Stephen Piscotty","OF",NA,FALSE
542303,"Marcell Ozuna","DH/OF",NA,FALSE
520471,"Freddy Galvis","SS",NA,FALSE
518586,"Charlie Culberson","3B/OF",NA,FALSE
446334,"Evan Longoria","3B",NA,FALSE
518397,"Scott Alexander","P",NA,FALSE
500208,"Yangervis Solarte","2B/3B",NA,FALSE
602922,"José Rondon","SS",NA,FALSE
605397,"Joe Musgrove","P",NA,FALSE
543037,"Gerrit Cole","P",NA,FALSE
592567,"Colin Moran","1B/3B",NA,FALSE
593140,"Michael Feliz","P",NA,FALSE
605195,"Kyle Crick","P",NA,FALSE
457705,"Andrew McCutchen","OF",NA,FALSE
641438,"Shane Carle","P",NA,FALSE
545341,"Randal Grichuk","OF",NA,FALSE
621446,"Lewis Brinson","OF",NA,FALSE
592885,"Christian Yelich","OF",NA,FALSE
519294,"Josh Smoker","P",NA,FALSE
608703,"Matt Reynolds","3B/SS",NA,FALSE
543068,"C.J. Cron","1B",NA,FALSE
543606,"Jake Odorizzi","P",NA,FALSE
592273,"Brandon Drury","2B/3B",NA,FALSE
519306,"Steven Souza Jr.","OF",NA,FALSE
607455,"Anthony Banda","P",NA,FALSE
543208,"Sam Gaviglio","P",NA,FALSE
571918,"Deven Marrero","3B",NA,FALSE
542208,"Carlos Pérez","C",NA,FALSE
572998,"Josh Lucas","P",NA,FALSE
591971,"Breyvic Valera","2B/3B",NA,FALSE
592570,"Akeel Morris","P",NA,FALSE
602083,"Miguel Almonte","P",NA,FALSE
594943,"Zach Neal","P",NA,FALSE
572204,"Trayce Thompson","OF",NA,FALSE
573135,"Tyler Saladino","3B/SS",NA,FALSE
595918,"A.J. Cole","P",NA,FALSE
521655,"Wilmer Font","P",NA,FALSE
519023,"Devin Mesoraco","C",NA,FALSE
518774,"Matt Harvey","P",NA,FALSE
570482,"Gio Urshela","3B",NA,FALSE
517008,"Alex Colomé","P",NA,FALSE
461833,"Phil Hughes","P",NA,FALSE
592200,"Curt Casali","C",NA,FALSE
598284,"Peter O'Brien","1B/OF",NA,FALSE
596847,"Ji Man Choi","1B",NA,FALSE
516969,"Kelvin Herrera","P",NA,FALSE
592547,"Deck McGuire","P",NA,FALSE
571670,"Dylan Floro","P",NA,FALSE
624586,"James Hoyt","P",NA,FALSE
518715,"Cory Gearrin","P",NA,FALSE
571948,"Hoby Milner","P",NA,FALSE
592518,"Manny Machado","3B",NA,FALSE
642336,"Francisco Mejía","C",NA,FALSE
543272,"Brad Hand","P",NA,FALSE
592833,"Bobby Wahl","P",NA,FALSE
544727,"Jeurys Familia","P",NA,FALSE
571718,"Brian Goodwin","OF",NA,FALSE
502154,"Zack Britton","P",NA,FALSE
542882,"Matt Andriese","P",NA,FALSE
458924,"Jonny Venters","P",NA,FALSE
493200,"Seunghwan Oh","P",NA,FALSE
519151,"Ryan Pressly","P",NA,FALSE
592815,"Sam Tuivailala","P",NA,FALSE
605347,"Jorge López","P",NA,FALSE
621433,"Brett Phillips","OF",NA,FALSE
519058,"Mike Moustakas","3B",NA,FALSE
606149,"Giovanny Gallegos","P",NA,FALSE
572228,"Luke Voit","1B/DH",NA,FALSE
592122,"Tyler Austin","1B",NA,FALSE
458681,"Lance Lynn","P",NA,FALSE
608328,"Chase De Jong","P",NA,FALSE
600944,"David Paulino","P",NA,FALSE
532077,"Roberto Osuna","P",NA,FALSE
607192,"Tyler Glasnow","P",NA,FALSE
572821,"Brian Dozier","2B",NA,FALSE
592332,"Kevin Gausman","P",NA,FALSE
503285,"Darren O'Day","P",NA,FALSE
605538,"Matt Wisler","P",NA,FALSE
570731,"Jonathan Schoop","2B",NA,FALSE
502042,"Chris Archer","P",NA,FALSE
608371,"Lucas Sims","P",NA,FALSE
571901,"Aaron Loup","P",NA,FALSE
467092,"Wilson Ramos","C",NA,FALSE
605512,"Preston Tucker","OF",NA,FALSE
502054,"Tommy Pham","OF",NA,FALSE
605309,"Keone Kela","P",NA,FALSE
571506,"Justin Bour","1B",NA,FALSE
607471,"Christopher Bostick","2B/OF",NA,FALSE
605253,"Terrance Gore","DH/OF",NA,FALSE
502517,"Daniel Murphy","1B/2B",NA,FALSE
430832,"José Bautista","OF",NA,FALSE
502117,"Kristopher Negrón","OF",NA,FALSE
623182,"Patrick Kivlehan","OF",NA,FALSE
607457,"Kyle Barraclough","P",NA,FALSE
607257,"Raffy Lopez","C",NA,FALSE
628338,"Guillermo Heredia","OF",NA,FALSE
572287,"Mike Zunino","C",NA,FALSE
570481,"Erik González","3B/SS",NA,FALSE
621559,"Max Moroff","2B/SS",NA,FALSE
656669,"Jordan Luplow","OF",NA,FALSE
572020,"James Paxton","P",NA,FALSE
629496,"Chih-Wei Hu","P",NA,FALSE
596071,"Dillon Peters","P",NA,FALSE
641796,"Tim Locastro","OF",NA,FALSE
600303,"Tommy La Stella","2B/3B",NA,FALSE
553882,"Omar Narváez","C",NA,FALSE
543228,"Yan Gomes","C",NA,FALSE
429664,"Robinson Canó","2B",NA,FALSE
621242,"Edwin Díaz","P",NA,FALSE
641487,"J.P. Crawford","SS",NA,FALSE
467793,"Carlos Santana","1B",NA,FALSE
502671,"Paul Goldschmidt","1B",NA,FALSE
608348,"Carson Kelly","C",NA,FALSE
596133,"Luke Weaver","P",NA,FALSE
472610,"Luis García","P",NA,FALSE
592685,"Drew Robinson","OF",NA,FALSE
543699,"Tanner Roark","P",NA,FALSE
650490,"Yandy Díaz","1B/3B/DH",NA,FALSE
592222,"Alex Claudio","P",NA,FALSE
429665,"Edwin Encarnación","1B/3B/DH",NA,FALSE
592325,"Ben Gamel","OF",NA,FALSE
641941,"Emilio Pagán","P",NA,FALSE
456701,"Homer Bailey","P",NA,FALSE
571657,"Kyle Farmer","2B/SS",NA,FALSE
624577,"Yasiel Puig","OF",NA,FALSE
595777,"Jurickson Profar","OF",NA,FALSE
582494,"Robby Scott","P",NA,FALSE
542979,"Keon Broxton","OF",NA,FALSE
608700,"Kevin Plawecki","C",NA,FALSE
605204,"J.D. Davis","3B",NA,FALSE
621141,"Walker Lockett","P",NA,FALSE
621289,"Jaime Schultz","P",NA,FALSE
431145,"Russell Martin","C",NA,FALSE
595928,"John Curtiss","P",NA,FALSE
621295,"Nick Wittgren","P",NA,FALSE
545332,"Jake Barrett","P",NA,FALSE
592663,"J.T. Realmuto","C",NA,FALSE
595751,"Jorge Alfaro","C",NA,FALSE
641627,"Trevor Gott","P",NA,FALSE
596105,"Dwight Smith Jr.","OF",NA,FALSE
592094,"Jason Adam","P",NA,FALSE
643565,"Mike Tauchman","OF",NA,FALSE
605439,"Michael Reed","OF",NA,FALSE
608717,"Chris Stratton","P",NA,FALSE
605301,"Williams Jerez","P",NA,FALSE
608596,"Tom Murphy","C",NA,FALSE
642083,"Aaron Slegers","P",NA,FALSE
592712,"Connor Sadzeck","P",NA,FALSE
593647,"Sócrates Brito","OF",NA,FALSE
571882,"Derek Law","P",NA,FALSE
593700,"Alen Hanson","2B/OF",NA,FALSE
607680,"Kevin Pillar","OF",NA,FALSE
571679,"David Freitas","C",NA,FALSE
596119,"Blake Swihart","C/OF",NA,FALSE
605541,"Mike Wright Jr.","P",NA,FALSE
613534,"Austin Adams","P",NA,FALSE
518595,"Travis d'Arnaud","C",NA,FALSE
592145,"Jesse Biddle","P",NA,FALSE
606162,"Yefry Ramírez","P",NA,FALSE
543105,"Alex Dickerson","OF",NA,FALSE
592468,"Nick Kingham","P",NA,FALSE
502593,"Jake Petricka","P",NA,FALSE
572044,"Brooks Pounders","P",NA,FALSE
527049,"César Puello","OF",NA,FALSE
594902,"Ben Lively","P",NA,FALSE
623205,"Andrew Velazquez","SS",NA,FALSE
594987,"Casey Sadler","P",NA,FALSE
664208,"Phil Maton","P",NA,FALSE
573046,"Mike Morin","P",NA,FALSE
543483,"Matt Magill","P",NA,FALSE
643603,"Tyler White","1B",NA,FALSE
502706,"Derek Holland","P",NA,FALSE
573186,"Marcus Stroman","P",NA,FALSE
624414,"Christian Arroyo","2B",NA,FALSE
519299,"Eric Sogard","2B",NA,FALSE
621056,"Hunter Wood","P",NA,FALSE
663465,"Kolby Allard","P",NA,FALSE
571697,"Scooter Gennett","2B",NA,FALSE
592473,"Adam Kolarek","P",NA,FALSE
545333,"Trevor Bauer","P",NA,FALSE
614177,"Franmil Reyes","DH/OF",NA,FALSE
592717,"Aaron Sanchez","P",NA,FALSE
607352,"Joe Biagini","P",NA,FALSE
519326,"Hunter Strickland","P",NA,FALSE
595465,"Dan Winkler","P",NA,FALSE
670950,"Trevor Richards","P",NA,FALSE
502570,"Rocky Gale","C",NA,FALSE
518858,"Nate Jones","P",NA,FALSE
592206,"Nick Castellanos","3B/OF",NA,FALSE
545358,"Max Stassi","C",NA,FALSE
605233,"Derek Fisher","OF",NA,FALSE
605143,"Ray Black","P",NA,FALSE
643393,"Tony Kemp","2B/OF",NA,FALSE
592773,"Ryne Stanek","P",NA,FALSE
572888,"Shane Greene","P",NA,FALSE
607188,"Jake Faria","P",NA,FALSE
623364,"Brad Wieck","P",NA,FALSE
605218,"Carl Edwards Jr.","P",NA,FALSE
542583,"Jesús Aguilar","1B",NA,FALSE
573009,"Joe Mantiply","P",NA,FALSE
608671,"Travis Jankowski","OF",NA,FALSE
596101,"Justin Shafer","P",NA,FALSE
641482,"Nestor Cortes","P",NA,FALSE
641778,"Eric Lauer","P",NA,FALSE
605200,"Zach Davies","P",NA,FALSE
649966,"Luis Urías","2B/3B",NA,FALSE
605164,"Dylan Bundy","P",NA,FALSE
592669,"Hunter Renfroe","OF",NA,FALSE
608577,"Nomar Mazara","OF",NA,FALSE
446359,"Zack Cozart","SS",NA,FALSE
592261,"Delino DeShields","OF",NA,FALSE
446372,"Corey Kluber","P",NA,FALSE
664856,"Chance Adams","P",NA,FALSE
664918,"Kyle Keller","P",NA,FALSE
606992,"Eric Haase","C",NA,FALSE
500874,"José A. Martínez","1B/OF",NA,FALSE
668227,"Randy Arozarena","OF",NA,FALSE
621573,"Austin Dean","OF",NA,FALSE
605488,"Jeffrey Springs","P",NA,FALSE
605501,"Stephen Tarpley","P",NA,FALSE
664180,"Matt Hall","P",NA,FALSE
664042,"Travis Lakins","P",NA,FALSE
516782,"Starling Marte","OF",NA,FALSE
607560,"Ryne Harper","P",NA,FALSE
622534,"Manuel Margot","OF",NA,FALSE
657077,"Alex Verdugo","OF",NA,FALSE
605141,"Mookie Betts","OF",NA,FALSE
660813,"Brusdar Graterol","P",NA,FALSE
628317,"Kenta Maeda","P",NA,FALSE
664247,"Kyle Garlick","OF",NA,FALSE
572143,"Burch Smith","P",NA,FALSE
671790,"Ronald Bolaños","P",NA,FALSE
614173,"Franchy Cordero","1B/OF",NA,FALSE
657612,"Tim Hill","P",NA,FALSE
592229,"Dylan Covey","P",NA,FALSE
594988,"Scott Schebler","OF",NA,FALSE
641341,"Tyler Bashlor","P",NA,FALSE
571740,"Billy Hamilton","OF",NA,FALSE
642558,"Ariel Jurado","P",NA,FALSE
548384,"Brooks Raley","P",NA,FALSE
545121,"Ildemaro Vargas","2B/3B",NA,FALSE
622786,"Jesus Tinoco","P",NA,FALSE
658305,"Edgar García","P",NA,FALSE
642231,"Jimmy Yacabonis","P",NA,FALSE
519443,"Brandon Workman","P",NA,FALSE
601713,"Nick Pivetta","P",NA,FALSE
621002,"Daniel Robertson","2B/3B/SS",NA,FALSE
596129,"Daniel Vogelbach","1B/DH",NA,FALSE
542963,"Rob Brantly","C",NA,FALSE
656354,"Austin Davis","P",NA,FALSE
642003,"Cody Reed","P",NA,FALSE
620439,"Franklin Barreto","2B/SS",NA,FALSE
572096,"Trevor Rosenthal","P",NA,FALSE
519048,"Mitch Moreland","1B",NA,FALSE
571710,"Mychal Givens","P",NA,FALSE
656185,"Greg Allen","OF",NA,FALSE
615698,"Cal Quantrill","P",NA,FALSE
647304,"Josh Naylor","1B",NA,FALSE
592662,"Robbie Ray","P",NA,FALSE
488771,"Jason Castro","C",NA,FALSE
605177,"Andrew Chafin","P",NA,FALSE
592865,"Taylor Williams","P",NA,FALSE
592612,"Josh Osich","P",NA,FALSE
664157,"Travis Bergen","P",NA,FALSE
642165,"Josh VanMeter","2B",NA,FALSE
605151,"Archie Bradley","P",NA,FALSE
592761,"Caleb Smith","P",NA,FALSE
548389,"Ross Stripling","P",NA,FALSE
595978,"Austin Hedges","C",NA,FALSE
605182,"Mike Clevinger","P",NA,FALSE
664034,"Ty France","1B",NA,FALSE
501985,"Mike Minor","P",NA,FALSE
620443,"Luis Torrens","C",NA,FALSE
543592,"Austin Nola","C",NA,FALSE
656186,"Dan Altavilla","P",NA,FALSE
596112,"Robert Stephenson","P",NA,FALSE
656546,"Jeff Hoffman","P",NA,FALSE
643256,"Adam Cimber","P",NA,FALSE
598287,"Noé Ramirez","P",NA,FALSE
628452,"Raisel Iglesias","P",NA,FALSE
663993,"Nathaniel Lowe","1B",NA,FALSE
606160,"Rafael Montero","P",NA,FALSE
595981,"Scott Heineman","OF",NA,FALSE
605137,"Josh Bell","1B",NA,FALSE
605483,"Blake Snell","P",NA,FALSE
621237,"José Alvarado","P",NA,FALSE
605170,"Victor Caratini","C",NA,FALSE
605521,"Art Warren","P",NA,FALSE
656322,"Sam Coonrod","P",NA,FALSE
670280,"David Bednar","P",NA,FALSE
664192,"Joey Lucchesi","P",NA,FALSE
672335,"Cionel Pérez","P",NA,FALSE
664337,"Miguel Yajure","P",NA,FALSE
592791,"Jameson Taillon","P",NA,FALSE
493603,"Adam Ottavino","P",NA,FALSE
660546,"Yennsy Díaz","P",NA,FALSE
571927,"Steven Matz","P",NA,FALSE
656887,"Sean Reid-Foley","P",NA,FALSE
608344,"Cole Irvin","P",NA,FALSE
657141,"Jordan Yamamoto","P",NA,FALSE
596295,"Austin Gomber","P",NA,FALSE
571448,"Nolan Arenado","3B",NA,FALSE
663330,"Jahmai Jones","DH/OF",NA,FALSE
502171,"Alex Cobb","P",NA,FALSE
641312,"Shaun Anderson","P",NA,FALSE
664774,"LaMonte Wade Jr.","1B/OF",NA,FALSE
462101,"Elvis Andrus","SS",NA,FALSE
641680,"Jonah Heim","C",NA,FALSE
605244,"Aramis Garcia","C",NA,FALSE
643217,"Andrew Benintendi","OF",NA,FALSE
641914,"Sheldon Neuse","2B/3B",NA,FALSE
681911,"Alex Vesia","P",NA,FALSE
645305,"Ali Sánchez","C",NA,FALSE
622250,"Josh Sborz","P",NA,FALSE
607391,"Chris Mazza","P",NA,FALSE
641583,"Dustin Fowler","OF",NA,FALSE
608686,"Jack Mayfield","3B",NA,FALSE
621249,"Duane Underwood Jr.","P",NA,FALSE
502273,"Mike Freeman","2B",NA,FALSE
592644,"Adam Plutko","P",NA,FALSE
656803,"James Norwood","P",NA,FALSE
596059,"Rougned Odor","2B",NA,FALSE
622256,"Patrick Weigel","P",NA,FALSE
606115,"Orlando Arcia","SS",NA,FALSE
650828,"Edgar Santana","P",NA,FALSE
642731,"Thairo Estrada","2B",NA,FALSE
670084,"Nick Heath","OF",NA,FALSE
676886,"Jeremy Beasley","P",NA,FALSE
593974,"Wandy Peralta","P",NA,FALSE
641924,"Jacob Nottingham","C",NA,FALSE
621450,"Skye Bolt","OF",NA,FALSE
660294,"Yoshi Tsutsugo","1B/DH/OF",NA,FALSE
621500,"Wyatt Mathisen","1B/3B",NA,FALSE
664092,"Sean Poppen","P",NA,FALSE
607345,"Kevan Smith","C",NA,FALSE
656420,"J.P. Feyereisen","P",NA,FALSE
642715,"Willy Adames","SS",NA,FALSE
656876,"Drew Rasmussen","P",NA,FALSE
661255,"Yoan López","P",NA,FALSE
593619,"Domingo Tapia","P",NA,FALSE
641856,"Billy McKinney","OF",NA,FALSE
605441,"Yacksel Ríos","P",NA,FALSE
641343,"Jake Bauers","1B/OF",NA,FALSE
543089,"Taylor Davis","C",NA,FALSE
645801,"Mike Ford","1B/DH",NA,FALSE
642701,"Dennis Santana","P",NA,FALSE
606930,"Jacob Barnes","P",NA,FALSE
594311,"Jandel Gustave","P",NA,FALSE
605412,"Joe Panik","2B",NA,FALSE
594580,"Sam Moll","P",NA,FALSE
596056,"John Nogowski","1B",NA,FALSE
605276,"David Hess","P",NA,FALSE
642721,"Kelvin Gutiérrez","3B",NA,FALSE
642133,"Rowdy Tellez","1B",NA,FALSE
592626,"Joc Pederson","OF",NA,FALSE
606303,"Joel Payamps","P",NA,FALSE
443558,"Nelson Cruz","DH/OF",NA,FALSE
592622,"Mark Payton","OF",NA,FALSE
643615,"T.J. Zeuch","P",NA,FALSE
624428,"Adam Frazier","2B/OF",NA,FALSE
605280,"Clay Holmes","P",NA,FALSE
647351,"Abraham Toro","2B/3B",NA,FALSE
608665,"Kendall Graveman","P",NA,FALSE
570666,"Luis Cessa","P",NA,FALSE
666200,"Jesús Luzardo","P",NA,FALSE
554340,"Yimi García","P",NA,FALSE
542881,"Tyler Anderson","P",NA,FALSE
643493,"Austin Pruitt","P",NA,FALSE
572193,"Ryan Tepera","P",NA,FALSE
608638,"JT Chargois","P",NA,FALSE
608336,"Joey Gallo","OF",NA,FALSE
514917,"César Hernández","2B",NA,FALSE
656941,"Kyle Schwarber","DH/OF",NA,FALSE
650895,"Diego Castillo","P",NA,FALSE
518633,"Danny Duffy","P",NA,FALSE
623485,"Ashton Goudeau","P",NA,FALSE
592866,"Trevor Williams","P",NA,FALSE
572125,"Sam Selman","P",NA,FALSE
467055,"Pablo Sandoval","3B",NA,FALSE
663611,"Nick Madrigal","2B/3B",NA,FALSE
675921,"Spencer Howard","P",NA,FALSE
656308,"Michael Chavis","1B/2B",NA,FALSE
543281,"Josh Harrison","2B/3B",NA,FALSE
453286,"Max Scherzer","P",NA,FALSE
607231,"John Gant","P",NA,FALSE
571760,"Andrew Heaney","P",NA,FALSE
657041,"Lane Thomas","OF",NA,FALSE
570663,"Hansel Robles","P",NA,FALSE
656577,"Alex Jackson","C",NA,FALSE
607208,"Trea Turner","SS",NA,FALSE
502043,"Kyle Gibson","P",NA,FALSE
669060,"Bryse Wilson","P",NA,FALSE
593144,"Richard Rodríguez","P",NA,FALSE
592178,"Kris Bryant","3B/OF",NA,FALSE
592696,"Eddie Rosario","OF",NA,FALSE
676051,"Codi Heuer","P",NA,FALSE
595879,"Javier Báez","SS",NA,FALSE
660688,"Keibert Ruiz","C",NA,FALSE
621244,"José Berríos","P",NA,FALSE
597113,"DJ Johnson","P",NA,FALSE
664702,"Myles Straw","OF",NA,FALSE
572863,"Dustin Garneau","C",NA,FALSE
607755,"Andrew Vasquez","P",NA,FALSE
571466,"Tucker Barnhart","C",NA,FALSE
670712,"Mike Brosseau","3B",NA,FALSE
656793,"Nick Nelson","P",NA,FALSE
596117,"Garrett Stubbs","C",NA,FALSE
642180,"Tyler Wade","2B/OF",NA,FALSE
543351,"Jay Jackson","P",NA,FALSE
623912,"Harold Ramírez","DH/OF",NA,FALSE
607732,"Jacob Stallings","C",NA,FALSE
598265,"Jackie Bradley Jr.","OF",NA,FALSE
605135,"Chris Bassitt","P",NA,FALSE
641598,"Mitch Garver","C/DH",NA,FALSE
643396,"Isiah Kiner-Falefa","SS",NA,FALSE
596142,"Gary Sánchez","C",NA,FALSE
621566,"Matt Olson","1B",NA,FALSE
641584,"Jake Fraley","OF",NA,FALSE
643290,"Justin Dunn","P",NA,FALSE
608385,"Jesse Winker","OF",NA,FALSE
665506,"Cristian Pache","OF",NA,FALSE
553993,"Eugenio Suárez","3B",NA,FALSE
669912,"Kirby Snead","P",NA,FALSE
607237,"Amir Garrett","P",NA,FALSE
656305,"Matt Chapman","3B",NA,FALSE
675656,"Kevin Smith","3B/SS",NA,FALSE
670042,"Luke Raley","1B/OF",NA,FALSE
606132,"Raimel Tapia","OF",NA,FALSE
663897,"Luke Williams","3B/OF",NA,FALSE
642727,"Sergio Alcántara","2B/3B/SS",NA,FALSE
607461,"Matt Beaty","1B/OF",NA,FALSE
656514,"Adam Haseley","OF",NA,FALSE
572041,"AJ Pollock","OF",NA,FALSE
656061,"Albert Abreu","P",NA,FALSE
624431,"Jose Trevino","C",NA,FALSE
640455,"Sean Manaea","P",NA,FALSE
642121,"Cole Sulser","P",NA,FALSE
656945,"Tanner Scott","P",NA,FALSE
624512,"Reese McGuire","C",NA,FALSE
641470,"Zack Collins","C",NA,FALSE
641853,"David McKay","P",NA,FALSE
640457,"Austin Meadows","DH/OF",NA,FALSE
670623,"Isaac Paredes","3B",NA,FALSE
658431,"Adonis Medina","P",NA,FALSE
667670,"Brent Rooker","DH/OF",NA,FALSE
573124,"Taylor Rogers","P",NA,FALSE
663978,"Chris Paddack","P",NA,FALSE
660634,"Yonny Hernández","2B/3B",NA,FALSE
621593,"Anthony Castro","P",NA,FALSE
605548,"Bradley Zimmer","OF",NA,FALSE
642770,"Javy Guerra","P",NA,FALSE
656794,"Sean Newcomb","P",NA,FALSE
676265,"Cory Abbott","P",NA,FALSE
656413,"Stuart Fairchild","OF",NA,FALSE
676840,"Matt Peacock","P",NA,FALSE
656821,"Kevin Padlo","1B/3B",NA,FALSE
622268,"Donovan Walton","2B/SS",NA,FALSE
643289,"Mauricio Dubón","2B/OF",NA,FALSE
670990,"Yohan Ramírez","P",NA,FALSE
643316,"Paul Fry","P",NA,FALSE
595375,"JT Riddle","SS",NA,FALSE
644374,"Yu Chang","SS",NA,FALSE
621366,"Ryan Borucki","P",NA,FALSE
642851,"Austin Wynns","C",NA,FALSE
657770,"Eric Stout","P",NA,FALSE
670090,"Wyatt Mills","P",NA,FALSE
611093,"Silvino Bracho","P",NA,FALSE
544365,"Manny Banuelos","P",NA,FALSE
657053,"Touki Toussaint","P",NA,FALSE
656492,"Foster Griffin","P",NA,FALSE
622065,"Alex Young","P",NA,FALSE
605421,"Michael Pérez","C",NA,FALSE
670426,"Phillip Diehl","P",NA,FALSE
571980,"Tyler Naquin","OF",NA,FALSE
444482,"David Peralta","OF",NA,FALSE
622491,"Luis Castillo","P",NA,FALSE
656716,"Zach McKinstry","3B/OF",NA,FALSE
624641,"Edmundo Sosa","3B/SS",NA,FALSE
668941,"JoJo Romero","P",NA,FALSE
553988,"Dixon Machado","2B/SS",NA,FALSE
642659,"Raynel Espinal","P",NA,FALSE
623352,"Josh Hader","P",NA,FALSE
659275,"Dinelson Lamet","P",NA,FALSE
664123,"Scott Effross","P",NA,FALSE
642350,"Jose Siri","OF",NA,FALSE
501303,"Ehire Adrianza","3B/SS",NA,FALSE
656896,"Emmanuel Rivera","3B",NA,FALSE
593423,"Frankie Montas","P",NA,FALSE
641820,"Trey Mancini","1B/DH/OF",NA,FALSE
543877,"Christian Vázquez","C",NA,FALSE
642152,"Lou Trivino","P",NA,FALSE
670912,"Johan Oviedo","P",NA,FALSE
664948,"Anthony Misiewicz","P",NA,FALSE
664076,"Garrett Cleavinger","P",NA,FALSE
593160,"Whit Merrifield","2B/OF",NA,FALSE
656353,"Tucker Davidson","P",NA,FALSE
595956,"Cam Gallagher","C",NA,FALSE
664119,"Austin Allen","C",NA,FALSE
641656,"Ian Hamilton","P",NA,FALSE
647315,"Zach Pop","P",NA,FALSE
543257,"Robbie Grossman","OF",NA,FALSE
571510,"Matthew Boyd","P",NA,FALSE
669016,"Brandon Marsh","OF",NA,FALSE
663378,"Thomas Szapucki","P",NA,FALSE
456713,"Matt Bush","P",NA,FALSE
664029,"Mark Mathias","2B/OF",NA,FALSE
641816,"Tyler Mahle","P",NA,FALSE
519222,"Austin Romine","C",NA,FALSE
571875,"Jake Lamb","3B",NA,FALSE
656756,"Jordan Montgomery","P",NA,FALSE
664056,"Harrison Bader","OF",NA,FALSE
666160,"Mickey Moniak","OF",NA,FALSE
592789,"Noah Syndergaard","P",NA,FALSE
665742,"Juan Soto","OF",NA,FALSE
543333,"Eric Hosmer","1B",NA,FALSE
605242,"Michael Fulmer","P",NA,FALSE
669952,"Mitch White","P",NA,FALSE
657697,"Vinny Nittoli","P",NA,FALSE
656541,"Sam Hilliard","OF",NA,FALSE
668721,"Payton Henry","C",NA,FALSE
669256,"Nick Solak","2B",NA,FALSE
657024,"Erik Swanson","P",NA,FALSE
641786,"Kyle Lewis","OF",NA,FALSE
656257,"Jeff Brigham","P",NA,FALSE
621028,"Kevin Newman","2B/SS",NA,FALSE
664294,"Dauri Moreta","P",NA,FALSE
622694,"Elieser Hernández","P",NA,FALSE
665625,"Elvis Peguero","P",NA,FALSE
676083,"Janson Junk","P",NA,FALSE
660829,"Hoy Park","2B",NA,FALSE
543939,"Kolten Wong","2B",NA,FALSE
641729,"Joe Jiménez","P",NA,FALSE
444489,"Manny Piña","C",NA,FALSE
661388,"William Contreras","C",NA,FALSE
666205,"Kyle Muller","P",NA,FALSE
669221,"Sean Murphy","C",NA,FALSE
680911,"Owen Miller","1B/2B",NA,FALSE
656582,"Connor Joe","1B/OF",NA,FALSE
543510,"James McCann","C",NA,FALSE
666619,"Gregory Santos","P",NA,FALSE
662139,"Daulton Varsho","OF",NA,FALSE
666971,"Lourdes Gurriel Jr.","OF",NA,FALSE
650331,"Lewin Díaz","1B",NA,FALSE
476595,"Lucas Luetge","P",NA,FALSE
663527,"Tyler Nevin","1B/3B",NA,FALSE
642201,"Eli White","OF",NA,FALSE
656811,"Ryan O'Hearn","1B/DH",NA,FALSE
676632,"Bligh Madris","1B/OF",NA,FALSE
657272,"Erich Uelmen","P",NA,FALSE
623437,"Justin Topa","P",NA,FALSE
665019,"Kody Clemens","1B",NA,FALSE
665155,"Nick Maton","2B/3B",NA,FALSE
642397,"Gregory Soto","P",NA,FALSE
663837,"Matt Vierling","OF",NA,FALSE
628708,"Yunior Marte","P",NA,FALSE
500743,"Miguel Rojas","SS",NA,FALSE
657756,"Connor Seabold","P",NA,FALSE
650333,"Luis Arraez","1B/2B",NA,FALSE
641154,"Pablo López","P",NA,FALSE
657031,"Josh Taylor","P",NA,FALSE
572191,"Michael A. Taylor","OF",NA,FALSE
598264,"Matt Barnes","P",NA,FALSE
668709,"JJ Bleday","OF",NA,FALSE
640462,"A.J. Puk","P",NA,FALSE
605155,"Colten Brewer","P",NA,FALSE
663992,"Richard Lovelady","P",NA,FALSE
614179,"José Ruiz","P",NA,FALSE
656986,"Bennett Sousa","P",NA,FALSE
666181,"Will Benson","OF",NA,FALSE
670276,"Cal Stevenson","OF",NA,FALSE
669674,"Sam Long","P",NA,FALSE
623168,"Tyler Heineman","C",NA,FALSE
656730,"Trevor Megill","P",NA,FALSE
681962,"Vinny Capra","3B",NA,FALSE
663455,"Konnor Pilkington","P",NA,FALSE
641793,"Zack Littell","P",NA,FALSE
622569,"Pablo Reyes","OF",NA,FALSE
641505,"Jonathan Davis","OF",NA,FALSE
621294,"Ben Heller","P",NA,FALSE
680700,"Richie Palacios","2B/OF",NA,FALSE
669270,"Joel Kuhnel","P",NA,FALSE
605463,"Tayler Scott","P",NA,FALSE
657093,"Spenser Watkins","P",NA,FALSE
656578,"Andre Jackson","P",NA,FALSE
623167,"Chris Flexen","P",NA,FALSE
668338,"Tyson Miller","P",NA,FALSE
594577,"Mike Mayers","P",NA,FALSE
650893,"Génesis Cabrera","P",NA,FALSE
621368,"Taylor Hearn","P",NA,FALSE
572955,"Pierce Johnson","P",NA,FALSE
571771,"Enrique Hernández","OF",NA,FALSE
620454,"José Castillo","P",NA,FALSE
625643,"Reynaldo López","P",NA,FALSE
608337,"Lucas Giolito","P",NA,FALSE
661440,"Mauricio Llovera","P",NA,FALSE
642708,"Amed Rosario","SS",NA,FALSE
663423,"Trent Thornton","P",NA,FALSE
686676,"Korey Lee","C",NA,FALSE
663855,"Jordan Hicks","P",NA,FALSE
667463,"John King","P",NA,FALSE
670032,"Nicky Lopez","2B/SS",NA,FALSE
623149,"Paul Sewald","P",NA,FALSE
668942,"Josh Rojas","2B/3B",NA,FALSE
650644,"Aaron Civale","P",NA,FALSE
592192,"Mark Canha","OF",NA,FALSE
676369,"Nelson Velázquez","DH/OF",NA,FALSE
621016,"Jose Cuas","P",NA,FALSE
607054,"Jace Peterson","2B/3B",NA,FALSE
677865,"Justin Bruihl","P",NA,FALSE
641360,"Phil Bickford","P",NA,FALSE
669394,"Jake Burger","1B/3B",NA,FALSE
642232,"Ryan Yarbrough","P",NA,FALSE
666801,"Rodolfo Castro","2B/SS",NA,FALSE
663559,"Bailey Falter","P",NA,FALSE
605130,"Scott Barlow","P",NA,FALSE
660825,"Eduard Bazardo","P",NA,FALSE
641871,"Keynan Middleton","P",NA,FALSE
663845,"Alfonso Rivas III","1B",NA,FALSE
657265,"Peter Strzelecki","P",NA,FALSE
643265,"Garrett Cooper","1B/DH",NA,FALSE
677960,"Ryan Weathers","P",NA,FALSE
656427,"Jack Flaherty","P",NA,FALSE
672715,"Luis Patiño","P",NA,FALSE
547179,"Michael Lorenzen","P",NA,FALSE
657557,"Paul DeJong","SS",NA,FALSE
594777,"Kole Calhoun","OF",NA,FALSE
607481,"Aaron Bummer","P",NA,FALSE
647336,"Michael Soroka","P",NA,FALSE
623433,"Nick Anderson","P",NA,FALSE
660853,"Enyel De Los Santos","P",NA,FALSE
657140,"Kyle Wright","P",NA,FALSE
663804,"Jackson Kowar","P",NA,FALSE
660644,"Vidal Bruján","2B/OF",NA,FALSE
676534,"Calvin Faucher","P",NA,FALSE
664874,"Seby Zavala","C",NA,FALSE
672284,"Jarred Kelenic","OF",NA,FALSE
669711,"Greg Weissert","P",NA,FALSE
669395,"Dylan Coleman","P",NA,FALSE
543309,"Kyle Higashioka","C",NA,FALSE
650633,"Michael King","P",NA,FALSE
663757,"Trent Grisham","OF",NA,FALSE
664058,"David Fletcher","2B",NA,FALSE
641933,"Tyler O'Neill","OF",NA,FALSE
624647,"Victor González","P",NA,FALSE
664199,"Taylor Clarke","P",NA,FALSE
572761,"Matt Carpenter","3B",NA,FALSE
678061,"Ray Kerr","P",NA,FALSE
658668,"Edward Olivares","OF",NA,FALSE
686752,"Ryan Pepiot","P",NA,FALSE
669169,"Jonathan Heasley","P",NA,FALSE
605288,"Adrian Houser","P",NA,FALSE
621438,"Tyrone Taylor","OF",NA,FALSE
664314,"Estevan Florial","OF",NA,FALSE
663752,"Cody Morris","P",NA,FALSE
687093,"Vaughn Grissom","2B",NA,FALSE
663542,"Bryan Hudson","P",NA,FALSE
676609,"José Caballero","2B/SS",NA,FALSE
552640,"Andrew Kittredge","P",NA,FALSE
571745,"Mitch Haniger","OF",NA,FALSE
622075,"Yency Almonte","P",NA,FALSE
683737,"Michael Busch","1B",NA,FALSE
650960,"Daniel Duarte","P",NA,FALSE
669450,"Cooper Hummel","DH/OF",NA,FALSE
679881,"J.P. Martínez","OF",NA,FALSE
593871,"Jorge Polanco","2B/SS",NA,FALSE
669392,"Samad Taylor","2B/OF",NA,FALSE
663550,"Trey Cabbage","OF",NA,FALSE
669203,"Corbin Burnes","P",NA,FALSE
669084,"DL Hall","P",NA,FALSE
687401,"Joey Ortiz","3B/SS",NA,FALSE
672860,"Prelander Berroa","P",NA,FALSE
666150,"Dominic Fletcher","OF",NA,FALSE
657571,"Caleb Ferguson","P",NA,FALSE
670871,"Guillo Zuñiga","P",NA,FALSE
681146,"Jonah Bride","1B/3B",NA,FALSE
595345,"Steven Okert","P",NA,FALSE
624503,"Nick Gordon","OF",NA,FALSE
670766,"Darren McCaughan","P",NA,FALSE
672640,"Otto Lopez","2B/SS",NA,FALSE
677076,"Clayton Andrews","P",NA,FALSE
670167,"John Schreiber","P",NA,FALSE
640454,"Matt Krook","P",NA,FALSE
672391,"Kaleb Ort","P",NA,FALSE
621051,"Steven Wilson","P",NA,FALSE
656302,"Dylan Cease","P",NA,FALSE
669289,"Santiago Espinal","2B/3B",NA,FALSE
595909,"Jake Cave","OF",NA,FALSE
519008,"T.J. McFarland","P",NA,FALSE
592348,"Niko Goodrum","2B/SS",NA,FALSE
666163,"Ben Rortvedt","C",NA,FALSE
542932,"Jon Berti","3B",NA,FALSE
598286,"Nick Ramirez","P",NA,FALSE
663698,"Joey Bart","C",NA,FALSE
660636,"Diego Castillo","2B/SS",NA,FALSE
676070,"Jacob Amaya","SS",NA,FALSE
641401,"Connor Brogdon","P",NA,FALSE
666208,"Alex Speas","P",NA,FALSE
681882,"Colin Selby","P",NA,FALSE
543859,"Michael Tonkin","P",NA,FALSE
641149,"Wes Parsons","P",NA,FALSE
621529,"Joe Hudson","C",NA,FALSE
658648,"Pedro Avila","P",NA,FALSE
661269,"Vladimir Gutierrez","P",NA,FALSE
670097,"Zack Short","SS",NA,FALSE
623474,"Jimmy Herget","P",NA,FALSE
621199,"Matt Bowman","P",NA,FALSE
656457,"Tyler Gilbert","P",NA,FALSE
641645,"Luis Guillorme","2B/3B",NA,FALSE
641726,"Daulton Jefferies","P",NA,FALSE
667452,"Corey Julks","OF",NA,FALSE
656232,"Brandon Bielak","P",NA,FALSE
672710,"Roansy Contreras","P",NA,FALSE
657508,"Mike Baumann","P",NA,FALSE
600986,"Thyago Vieira","P",NA,FALSE
621114,"Ryan Burr","P",NA,FALSE
663321,"Nick Hernandez","P",NA,FALSE
671083,"Buddy Kennedy","2B/3B",NA,FALSE
624415,"Cavan Biggio","2B",NA,FALSE
669796,"Jose E. Hernandez","P",NA,FALSE
572971,"Dallas Keuchel","P",NA,FALSE
666720,"Yerry Rodríguez","P",NA,FALSE
622259,"Trey Wingenter","P",NA,FALSE
596103,"Austin Slater","OF",NA,FALSE
640451,"Hunter Harvey","P",NA,FALSE
622554,"Seranthony Domínguez","P",NA,FALSE
669720,"Austin Hays","OF",NA,FALSE
621107,"Zach Eflin","P",NA,FALSE
608032,"Carlos Estévez","P",NA,FALSE
665862,"Jazz Chisholm Jr.","2B/OF",NA,FALSE
663878,"Nate Pearson","P",NA,FALSE
643376,"Danny Jansen","C",NA,FALSE
683232,"Nick Mears","P",NA,FALSE
666624,"Christopher Morel","DH/OF",NA,FALSE
554431,"Tyler Matzek","P",NA,FALSE
669242,"Tommy Edman","2B",NA,FALSE
678246,"Miguel Vargas","3B",NA,FALSE
607200,"Erick Fedde","P",NA,FALSE
656629,"Michael Kopech","P",NA,FALSE
677588,"José Tena","3B",NA,FALSE
682990,"Quinn Priester","P",NA,FALSE
656222,"Jalen Beeks","P",NA,FALSE
579328,"Yusei Kikuchi","P",NA,FALSE
457759,"Justin Turner","3B",NA,FALSE
670869,"Livan Soto","SS",NA,FALSE
595281,"Kevin Kiermaier","OF",NA,FALSE
677020,"Josh Walker","P",NA,FALSE
623211,"Huascar Brazobán","P",NA,FALSE
650559,"Bryan De La Cruz","OF",NA,FALSE
596001,"Jakob Junis","P",NA,FALSE
686894,"Joey Wiemer","OF",NA,FALSE
668674,"Lucas Erceg","P",NA,FALSE
663773,"Bryan Hoeing","P",NA,FALSE
643410,"Mark Leiter Jr.","P",NA,FALSE
669065,"Kyle Stowers","OF",NA,FALSE
669432,"Trevor Rogers","P",NA,FALSE
621383,"Tanner Banks","P",NA,FALSE
650391,"Eloy Jiménez","DH/OF",NA,FALSE
676604,"Tyler Zuber","P",NA,FALSE
527048,"Martín Pérez","P",NA,FALSE
666185,"Dylan Carlson","OF",NA,FALSE
621112,"Paul Blackburn","P",NA,FALSE
667297,"Tommy Nance","P",NA,FALSE
571527,"David Buchanan","P",NA,FALSE
493329,"Yuli Gurriel","1B",NA,FALSE
657193,"Eddy Alvarez","2B/3B",NA,FALSE
663662,"Daz Cameron","OF",NA,FALSE
656288,"Griffin Canning","P",NA,FALSE
666211,"Taylor Trammell","OF",NA,FALSE
669397,"Nick Allen","SS",NA,FALSE
642136,"Matt Thaiss","C",NA,FALSE
669212,"Eli Morgan","P",NA,FALSE
663903,"Brady Singer","P",NA,FALSE
663697,"Jonathan India","2B",NA,FALSE
687462,"Spencer Horwitz","1B",NA,FALSE
680704,"Nick Sandlin","P",NA,FALSE
665926,"Andrés Giménez","2B",NA,FALSE
682847,"Luis Ortiz","P",NA,FALSE
676979,"Garrett Crochet","P",NA,FALSE
642207,"Devin Williams","P",NA,FALSE
669713,"Hayden Wesneski","P",NA,FALSE
663656,"Kyle Tucker","OF",NA,FALSE
682052,"Jacob Lopez","P",NA,FALSE
671212,"Joe Boyle","P",NA,FALSE
665839,"Enmanuel Valdez","2B",NA,FALSE
641355,"Cody Bellinger","1B/OF",NA,FALSE
547001,"Cody Poteet","P",NA,FALSE
642020,"Chuckie Robinson","C",NA,FALSE
669721,"Davis Daniel","P",NA,FALSE
518585,"Fernando Cruz","P",NA,FALSE
677944,"Slade Cecconi","P",NA,FALSE
676395,"Robert Garcia","P",NA,FALSE
670223,"Matt Mervis","1B/DH",NA,FALSE
136,"SEA",NA,"AL",TRUE
111,"BOS",NA,"AL",TRUE
135,"SD",NA,"NL",TRUE
133,"ATH",NA,"AL",TRUE
141,"TOR",NA,"AL",TRUE
137,"SF",NA,"NL",TRUE
121,"NYM",NA,"NL",TRUE
108,"LAA",NA,"AL",TRUE
147,"NYY",NA,"AL",TRUE
140,"TEX",NA,"AL",TRUE
113,"CIN",NA,"NL",TRUE
112,"CHC",NA,"NL",TRUE
146,"MIA",NA,"NL",TRUE
116,"DET",NA,"AL",TRUE
110,"BAL",NA,"AL",TRUE
138,"STL",NA,"NL",TRUE
118,"KC",NA,"AL",TRUE
109,"AZ",NA,"NL",TRUE
114,"CLE",NA,"AL",TRUE
134,"PIT",NA,"NL",TRUE
117,"HOU",NA,"AL",TRUE
144,"ATL",NA,"NL",TRUE
143,"PHI",NA,"NL",TRUE
119,"LAD",NA,"NL",TRUE
142,"MIN",NA,"AL",TRUE
120,"WSH",NA,"NL",TRUE
145,"CWS",NA,"AL",TRUE
139,"TB",NA,"AL",TRUE
158,"MIL",NA,"NL",TRUE
115,"COL",NA,"NL",TRUE
